Designator,Mid X,Mid Y,Layer,Rotation
C1,4.600000mm,4.200000mm,Top,90.000000
C2,4.600000mm,7.400000mm,Top,0.000000
C3,13.200000mm,17.800000mm,Top,0.000000
C4,13.200000mm,16.600000mm,Top,0.000000
C5,8.600000mm,7.400000mm,Top,0.000000
C6,19.300000mm,2.100000mm,Top,90.000000
C7,21.800000mm,2.100000mm,Top,90.000000
C8,15.300000mm,6.600000mm,Top,90.000000
C9,21.600000mm,4.700000mm,Top,0.000000
C10,26.000000mm,8.250000mm,Top,0.000000
C11,13.200000mm,10.200000mm,Top,0.000000
C12,17.400000mm,26.500000mm,Top,90.000000
C13,19.600000mm,23.800000mm,Top,90.000000
C14,17.400000mm,23.500000mm,Top,90.000000
C15,14.500000mm,20.700000mm,Top,0.000000
C16,26.500000mm,20.700000mm,Top,0.000000
C17,13.200000mm,13.800000mm,Top,0.000000
C18,13.200000mm,9.000000mm,Top,0.000000
C19,21.500000mm,8.250000mm,Top,0.000000
C20,23.200000mm,9.350000mm,Top,0.000000
C21,25.400000mm,23.800000mm,Top,90.000000
C22,23.500000mm,8.250000mm,Top,0.000000
C23,16.500000mm,20.700000mm,Top,0.000000
C24,24.500000mm,20.700000mm,Top,0.000000
C25,13.200000mm,12.600000mm,Top,0.000000
C26,13.200000mm,7.800000mm,Top,0.000000
C27,28.500000mm,20.700000mm,Top,0.000000
C28,21.000000mm,28.000000mm,Top,0.000000
C29,23.000000mm,28.000000mm,Top,0.000000
C30,25.000000mm,28.000000mm,Top,0.000000
C31,27.000000mm,28.000000mm,Top,0.000000
C32,38.400000mm,24.500000mm,Top,90.000000
C33,44.600000mm,24.500000mm,Top,90.000000
C34,38.600000mm,20.700000mm,Top,0.000000
C35,33.500000mm,22.400000mm,Top,0.000000
C36,45.400000mm,9.900000mm,Top,0.000000
C37,43.600000mm,8.000000mm,Top,0.000000
C38,45.600000mm,17.000000mm,Top,0.000000
C39,45.600000mm,8.000000mm,Top,0.000000
C40,35.600000mm,6.000000mm,Top,0.000000
C41,37.600000mm,6.000000mm,Top,0.000000
C42,33.500000mm,27.800000mm,Top,0.000000
C43,36.600000mm,20.700000mm,Top,0.000000
C44,35.600000mm,9.900000mm,Top,0.000000
C45,45.600000mm,14.000000mm,Top,0.000000
C46,35.600000mm,8.000000mm,Top,0.000000
C47,37.600000mm,8.000000mm,Top,0.000000
C48,33.500000mm,25.000000mm,Top,0.000000
C49,34.600000mm,20.700000mm,Top,0.000000
C50,37.600000mm,9.900000mm,Top,0.000000
C51,50.000000mm,4.700000mm,Top,0.000000
FB1,2.000000mm,4.200000mm,Top,90.000000
J1,3.700000mm,15.000000mm,Top,-90.000000
J2,57.710000mm,15.000000mm,Top,-90.000000
L1,13.500000mm,2.700000mm,Top,0.000000
L2,22.500000mm,23.400000mm,Top,90.000000
R1,6.600000mm,0.800000mm,Top,0.000000
R2,8.600000mm,0.800000mm,Top,0.000000
R3,16.200000mm,9.350000mm,Top,0.000000
R4,26.000000mm,9.350000mm,Top,0.000000
R5,13.200000mm,11.400000mm,Top,0.000000
R6,27.500000mm,18.500000mm,Top,0.000000
R8,11.000000mm,21.600000mm,Top,0.000000
R9,27.500000mm,17.000000mm,Top,0.000000
R10,27.500000mm,15.900000mm,Top,0.000000
R11,27.500000mm,14.800000mm,Top,0.000000
R12,27.500000mm,13.700000mm,Top,0.000000
R13,27.500000mm,12.600000mm,Top,0.000000
R14,27.500000mm,11.500000mm,Top,0.000000
R15,33.000000mm,19.200000mm,Top,0.000000
R16,33.000000mm,18.100000mm,Top,0.000000
R17,33.000000mm,17.000000mm,Top,0.000000
R18,33.000000mm,15.900000mm,Top,0.000000
R19,33.000000mm,14.800000mm,Top,0.000000
R20,33.000000mm,13.700000mm,Top,0.000000
R21,30.200000mm,9.000000mm,Top,0.000000
R22,30.200000mm,7.900000mm,Top,0.000000
R23,30.200000mm,6.800000mm,Top,0.000000
R24,44.600000mm,20.700000mm,Top,0.000000
R25,62.000000mm,5.000000mm,Top,0.000000
R26,62.000000mm,25.000000mm,Top,0.000000
U1,20.000000mm,15.000000mm,Top,180.000000
U2,40.000000mm,15.000000mm,Top,0.000000
U3,8.600000mm,3.700000mm,Top,0.000000
U4,13.000000mm,25.500000mm,Top,0.000000
U5,9.500000mm,15.000000mm,Top,0.000000
U6,6.500000mm,24.500000mm,Top,0.000000
Y1,18.400000mm,6.600000mm,Top,0.000000
Y2,41.500000mm,24.500000mm,Top,0.000000
