Comment,Designator,Footprint,LCSC Part #,Quantity
"10uF","C1,C5,C21,C35,C42,C48",C_0805_2012Metric,C15850,6
"1uF","C10,C14,C20,C22",C_0402_1005Metric,C52923,4
"100nF","C2,C3,C4,C11,C12,C15,C16,C17,C18,C19,C23,C24,C25,C26,C27,C28,C29,C30,C31,C36,C37,C38,C39,C40,C41,C43,C44,C45,C46,C47,C49,C50,C51",C_0402_1005Metric,C1525,33
"220nF","C34",C_0402_1005Metric,C16772,1
"22uF","C6,C7,C13",C_0805_2012Metric,C45783,3
"15pF","C8,C9,C32,C33",C_0402_1005Metric,C1548,4
"600R","FB1",L_0805_2012Metric,C21519,1
"HC-USB3.0-C26","J1",USB3_A_Plug_HongCheng_HC-USB3.0-C26,C7501854,1
"HR911130C","J2",RJ45_HanRun_HR911130C_Horizontal,C50933,1
"2.2uH","L1",L_4.0x4.0mm_SMNR4020,C135262,1
"3.3uH","L2",L_3.0x3.0mm_SMNR3015,C135239,1
"453k","R1",R_0402_1005Metric,C27009,1
"100k","R2",R_0402_1005Metric,C25741,1
"1.5k","R21",R_0402_1005Metric,C25867,1
"4.99k","R24",R_0402_1005Metric,C25903,1
"330R","R25,R26",R_0402_1005Metric,C25104,2
"12k","R3",R_0402_1005Metric,C25752,1
"2k","R4",R_0402_1005Metric,C4109,1
"10k","R5,R6,R8,R22,R23",R_0402_1005Metric,C25744,5
"22R","R9,R10,R11,R12,R13,R14,R15,R16,R17,R18,R19,R20",R_0402_1005Metric,C25092,12
"LAN7801-I/9JX","U1",LAN7801_QFN-64-1EP_9x9mm_P0.5mm_EP6.1mm,C633491,1
"88E1512-A0-NNP2C000","U2",88E1512_QFN-56-1EP_8x8mm_P0.5mm_EP4.4mm,C845579,1
"TLV62569DBV","U3",SOT-23-5,C141836,1
"93AA66/SN","U4",SOIC-8_3.9x4.9mm_P1.27mm,C615340,1
"TPD4EUSB30","U5",USON-10_2.5x1.0mm_P0.5mm,C90627,1
"PRTR5V0U2X","U6",SOT-143,C12333,1
"25MHz","Y1,Y2",Crystal_SMD_3225-4Pin_3.2x2.5mm,C9006,2
