Ref,Value,Footprint,DNP,MPN,LCSC
C1,"10uF",Capacitor_SMD:C_0805_2012Metric,,"CL21A106KAYNNNE",C15850
C2,"100nF",Capacitor_SMD:C_0402_1005Metric,,"CL05B104KO5NNNC",C1525
C3,"100nF",Capacitor_SMD:C_0402_1005Metric,,"CL05B104KO5NNNC",C1525
C4,"100nF",Capacitor_SMD:C_0402_1005Metric,,"CL05B104KO5NNNC",C1525
C5,"10uF",Capacitor_SMD:C_0805_2012Metric,,"CL21A106KAYNNNE",C15850
C6,"22uF",Capacitor_SMD:C_0805_2012Metric,,"CL21A226MAQNNNE",C45783
C7,"22uF",Capacitor_SMD:C_0805_2012Metric,,"CL21A226MAQNNNE",C45783
C8,"15pF",Capacitor_SMD:C_0402_1005Metric,,"0402CG150J500NT",C1548
C9,"15pF",Capacitor_SMD:C_0402_1005Metric,,"0402CG150J500NT",C1548
C10,"1uF",Capacitor_SMD:C_0402_1005Metric,,"CL05A105KA5NQNC",C52923
C11,"100nF",Capacitor_SMD:C_0402_1005Metric,,"CL05B104KO5NNNC",C1525
C12,"100nF",Capacitor_SMD:C_0402_1005Metric,,"CL05B104KO5NNNC",C1525
C13,"22uF",Capacitor_SMD:C_0805_2012Metric,,"CL21A226MAQNNNE",C45783
C14,"1uF",Capacitor_SMD:C_0402_1005Metric,,"CL05A105KA5NQNC",C52923
C15,"100nF",Capacitor_SMD:C_0402_1005Metric,,"CL05B104KO5NNNC",C1525
C16,"100nF",Capacitor_SMD:C_0402_1005Metric,,"CL05B104KO5NNNC",C1525
C17,"100nF",Capacitor_SMD:C_0402_1005Metric,,"CL05B104KO5NNNC",C1525
C18,"100nF",Capacitor_SMD:C_0402_1005Metric,,"CL05B104KO5NNNC",C1525
C19,"100nF",Capacitor_SMD:C_0402_1005Metric,,"CL05B104KO5NNNC",C1525
C20,"1uF",Capacitor_SMD:C_0402_1005Metric,,"CL05A105KA5NQNC",C52923
C21,"10uF",Capacitor_SMD:C_0805_2012Metric,,"CL21A106KAYNNNE",C15850
C22,"1uF",Capacitor_SMD:C_0402_1005Metric,,"CL05A105KA5NQNC",C52923
C23,"100nF",Capacitor_SMD:C_0402_1005Metric,,"CL05B104KO5NNNC",C1525
C24,"100nF",Capacitor_SMD:C_0402_1005Metric,,"CL05B104KO5NNNC",C1525
C25,"100nF",Capacitor_SMD:C_0402_1005Metric,,"CL05B104KO5NNNC",C1525
C26,"100nF",Capacitor_SMD:C_0402_1005Metric,,"CL05B104KO5NNNC",C1525
C27,"100nF",Capacitor_SMD:C_0402_1005Metric,,"CL05B104KO5NNNC",C1525
C28,"100nF",Capacitor_SMD:C_0402_1005Metric,,"CL05B104KO5NNNC",C1525
C29,"100nF",Capacitor_SMD:C_0402_1005Metric,,"CL05B104KO5NNNC",C1525
C30,"100nF",Capacitor_SMD:C_0402_1005Metric,,"CL05B104KO5NNNC",C1525
C31,"100nF",Capacitor_SMD:C_0402_1005Metric,,"CL05B104KO5NNNC",C1525
C32,"15pF",Capacitor_SMD:C_0402_1005Metric,,"0402CG150J500NT",C1548
C33,"15pF",Capacitor_SMD:C_0402_1005Metric,,"0402CG150J500NT",C1548
C34,"220nF",Capacitor_SMD:C_0402_1005Metric,,"CL05B224KO5NNNC",C16772
C35,"10uF",Capacitor_SMD:C_0805_2012Metric,,"CL21A106KAYNNNE",C15850
C36,"100nF",Capacitor_SMD:C_0402_1005Metric,,"CL05B104KO5NNNC",C1525
C37,"100nF",Capacitor_SMD:C_0402_1005Metric,,"CL05B104KO5NNNC",C1525
C38,"100nF",Capacitor_SMD:C_0402_1005Metric,,"CL05B104KO5NNNC",C1525
C39,"100nF",Capacitor_SMD:C_0402_1005Metric,,"CL05B104KO5NNNC",C1525
C40,"100nF",Capacitor_SMD:C_0402_1005Metric,,"CL05B104KO5NNNC",C1525
C41,"100nF",Capacitor_SMD:C_0402_1005Metric,,"CL05B104KO5NNNC",C1525
C42,"10uF",Capacitor_SMD:C_0805_2012Metric,,"CL21A106KAYNNNE",C15850
C43,"100nF",Capacitor_SMD:C_0402_1005Metric,,"CL05B104KO5NNNC",C1525
C44,"100nF",Capacitor_SMD:C_0402_1005Metric,,"CL05B104KO5NNNC",C1525
C45,"100nF",Capacitor_SMD:C_0402_1005Metric,,"CL05B104KO5NNNC",C1525
C46,"100nF",Capacitor_SMD:C_0402_1005Metric,,"CL05B104KO5NNNC",C1525
C47,"100nF",Capacitor_SMD:C_0402_1005Metric,,"CL05B104KO5NNNC",C1525
C48,"10uF",Capacitor_SMD:C_0805_2012Metric,,"CL21A106KAYNNNE",C15850
C49,"100nF",Capacitor_SMD:C_0402_1005Metric,,"CL05B104KO5NNNC",C1525
C50,"100nF",Capacitor_SMD:C_0402_1005Metric,,"CL05B104KO5NNNC",C1525
C51,"100nF",Capacitor_SMD:C_0402_1005Metric,,"CL05B104KO5NNNC",C1525
FB1,"600R",Inductor_SMD:L_0805_2012Metric,,"MPZ2012S601AT000",C21519
J1,"HC-USB3.0-C26",ND2:USB3_A_Plug_HongCheng_HC-USB3.0-C26,,"HC-USB3.0-C26",C7501854
J2,"HR911130C",ND2:RJ45_HanRun_HR911130C_Horizontal,,"HR911130C",C50933
L1,"2.2uH",ND2:L_4.0x4.0mm_SMNR4020,,"SMNR4020-2.2UH",C135262
L2,"3.3uH",ND2:L_3.0x3.0mm_SMNR3015,,"SMNR3015-3R3MT",C135239
R1,"453k",Resistor_SMD:R_0402_1005Metric,,"0402WGF4533TCE",C27009
R2,"100k",Resistor_SMD:R_0402_1005Metric,,"0402WGF1003TCE",C25741
R3,"12k",Resistor_SMD:R_0402_1005Metric,,"0402WGF1202TCE",C25752
R4,"2k",Resistor_SMD:R_0402_1005Metric,,"0402WGF2001TCE",C4109
R5,"10k",Resistor_SMD:R_0402_1005Metric,,"0402WGF1002TCE",C25744
R6,"10k",Resistor_SMD:R_0402_1005Metric,,"0402WGF1002TCE",C25744
R7,"0R",Resistor_SMD:R_0402_1005Metric,DNP,"0402WGF0000TCE",C17168
R8,"10k",Resistor_SMD:R_0402_1005Metric,,"0402WGF1002TCE",C25744
R9,"22R",Resistor_SMD:R_0402_1005Metric,,"0402WGF220JTCE",C25092
R10,"22R",Resistor_SMD:R_0402_1005Metric,,"0402WGF220JTCE",C25092
R11,"22R",Resistor_SMD:R_0402_1005Metric,,"0402WGF220JTCE",C25092
R12,"22R",Resistor_SMD:R_0402_1005Metric,,"0402WGF220JTCE",C25092
R13,"22R",Resistor_SMD:R_0402_1005Metric,,"0402WGF220JTCE",C25092
R14,"22R",Resistor_SMD:R_0402_1005Metric,,"0402WGF220JTCE",C25092
R15,"22R",Resistor_SMD:R_0402_1005Metric,,"0402WGF220JTCE",C25092
R16,"22R",Resistor_SMD:R_0402_1005Metric,,"0402WGF220JTCE",C25092
R17,"22R",Resistor_SMD:R_0402_1005Metric,,"0402WGF220JTCE",C25092
R18,"22R",Resistor_SMD:R_0402_1005Metric,,"0402WGF220JTCE",C25092
R19,"22R",Resistor_SMD:R_0402_1005Metric,,"0402WGF220JTCE",C25092
R20,"22R",Resistor_SMD:R_0402_1005Metric,,"0402WGF220JTCE",C25092
R21,"1.5k",Resistor_SMD:R_0402_1005Metric,,"0402WGF1501TCE",C25867
R22,"10k",Resistor_SMD:R_0402_1005Metric,,"0402WGF1002TCE",C25744
R23,"10k",Resistor_SMD:R_0402_1005Metric,,"0402WGF1002TCE",C25744
R24,"4.99k",Resistor_SMD:R_0402_1005Metric,,"0402WGF4991TCE",C25903
R25,"330R",Resistor_SMD:R_0402_1005Metric,,"0402WGF3300TCE",C25104
R26,"330R",Resistor_SMD:R_0402_1005Metric,,"0402WGF3300TCE",C25104
U1,"LAN7801-I/9JX",ND2:LAN7801_QFN-64-1EP_9x9mm_P0.5mm_EP6.1mm,,"LAN7801-I/9JX",C633491
U2,"88E1512-A0-NNP2C000",ND2:88E1512_QFN-56-1EP_8x8mm_P0.5mm_EP4.4mm,,"88E1512-A0-NNP2C000",C845579
U3,"TLV62569DBV",Package_TO_SOT_SMD:SOT-23-5,,"TLV62569DBVR",C141836
U4,"93AA66/SN",Package_SO:SOIC-8_3.9x4.9mm_P1.27mm,,"93AA66/SN",C615340
U5,"TPD4EUSB30",Package_SON:USON-10_2.5x1.0mm_P0.5mm,,"TPD4EUSB30DQAR",C90627
U6,"PRTR5V0U2X",Package_TO_SOT_SMD:SOT-143,,"PRTR5V0U2X,215",C12333
Y1,"25MHz",Crystal:Crystal_SMD_3225-4Pin_3.2x2.5mm,,"X322525MOB4SI",C9006
Y2,"25MHz",Crystal:Crystal_SMD_3225-4Pin_3.2x2.5mm,,"X322525MOB4SI",C9006
